Model,w/oAge,w/oBloodPressure,w/oBMI,w/oDPF,w/oGlucose,w/oInsulin,w/oPregnancies,w/oSkinThickness,w/oSkinandAge
Logistic Regression,0.7941176470588235,0.75,0.7794117647058824,0.7647058823529411,0.6470588235294118,0.7941176470588235,0.7941176470588235,0.7794117647058824,0.8088235294117647
KNN (k=20),0.7647058823529411,0.75,0.7058823529411765,0.7205882352941176,0.6911764705882353,0.7352941176470589,0.7941176470588235,0.7352941176470589,0.75
SVM (RBF),0.7941176470588235,0.7794117647058824,0.8088235294117647,0.7941176470588235,0.6911764705882353,0.8382352941176471,0.8088235294117647,0.7794117647058824,0.7941176470588235
Decision Tree,0.8235294117647058,0.7352941176470589,0.7647058823529411,0.7647058823529411,0.7058823529411765,0.8235294117647058,0.7647058823529411,0.7647058823529411,0.8382352941176471
Random Forest,0.8088235294117647,0.7941176470588235,0.8088235294117647,0.8235294117647058,0.7058823529411765,0.8088235294117647,0.8676470588235294,0.7794117647058824,0.8088235294117647
Gradient Boosting,0.8235294117647058,0.8088235294117647,0.8088235294117647,0.7794117647058824,0.6911764705882353,0.8235294117647058,0.8088235294117647,0.8235294117647058,0.7941176470588235
